date, time, id , flexibility, sensitivity, size, round, count, selection, target, success, timeTaken, 
2019-09-25,8:15:58 PM,22, 4,12,8,1,1,5, 6, 0, 0.387511
2019-09-25,8:16:06 PM,22, 4,12,8,1,2,7, 2, 0, 0.3562616
date, time, id , flexibility, sensitivity, size, round, count, selection, target, success, timeTaken, 
2019-09-25,8:16:53 PM,22, 4,12,8,1,1,6, 2, 0, 0.3767731
2019-09-25,8:16:58 PM,22, 4,12,8,1,2,7, 7, 1, 2.181765
date, time, id , flexibility, sensitivity, size, round, count, selection, target, success, timeTaken, 
date, time, id , flexibility, sensitivity, size, round, count, selection, target, success, timeTaken, 
2019-09-25,8:17:41 PM,22, 4,12,8,1,1,3, 2, 0, 2.005726
date, time, id , flexibility, sensitivity, size, round, count, selection, target, success, timeTaken, 
date, time, id , flexibility, sensitivity, size, round, count, selection, target, success, timeTaken, 
2019-09-25,8:18:11 PM,22, 4,12,12,1,1,3, 2, 0, 1.920166
2019-09-25,8:18:14 PM,22, 4,12,12,1,2,10, 10, 1, 0.8260233
2019-09-25,8:18:16 PM,22, 4,12,12,1,3,7, 6, 0, 0.6805331
2019-09-25,8:18:18 PM,22, 4,12,12,1,4,7, 7, 1, 0.8205264
2019-09-25,8:18:19 PM,22, 4,12,12,1,5,1, 1, 1, 1.1716
2019-09-25,8:18:21 PM,22, 4,12,12,1,6,5, 5, 1, 0.7331021
2019-09-25,8:18:22 PM,22, 4,12,12,1,7,12, 11, 0, 0.5914211
date, time, id , flexibility, sensitivity, size, round, count, selection, target, success, timeTaken, 
date, time, id , flexibility, sensitivity, size, round, count, selection, target, success, timeTaken, 
2019-09-25,8:19:38 PM,22, 4,12,8,1,1,2, 2, 1, 2.749604
2019-09-25,8:19:41 PM,22, 4,12,8,1,2,6, 6, 1, 1.86693
date, time, id , flexibility, sensitivity, size, round, count, selection, target, success, timeTaken, 
2019-09-25,8:20:02 PM,22, 4,12,4,1,1,3, 4, 0, 0.7576087
2019-09-25,8:20:05 PM,22, 4,12,4,1,2,3, 3, 1, 1.878502
date, time, id , flexibility, sensitivity, size, round, count, selection, target, success, timeTaken, 
date, time, id , flexibility, sensitivity, size, round, count, selection, target, success, timeTaken, 
2019-09-25,8:20:40 PM,22, 4,12,8,1,1,6, 2, 0, 0.6119557
2019-09-25,8:20:50 PM,22, 4,12,8,1,2,5, 7, 0, 3.190051
date, time, id , flexibility, sensitivity, size, round, count, selection, target, success, timeTaken, 
date, time, id , flexibility, sensitivity, size, round, count, selection, target, success, timeTaken, 
2019-09-25,8:21:28 PM,22, 4,12,12,1,1,7, 4, 0, 5.15578
date, time, id , flexibility, sensitivity, size, round, count, selection, target, success, timeTaken, 
2019-09-25,8:22:04 PM,22, 4,12,8,1,1,7, 8, 0, 0.636582
2019-09-25,8:22:27 PM,22, 4,12,8,1,2,1, 6, 0, 3.917974
2019-09-25,8:22:29 PM,22, 4,12,8,1,3,4, 2, 0, 0.510945
2019-09-25,8:22:40 PM,22, 4,12,8,1,4,3, 7, 0, 1.198468
date, time, id , flexibility, sensitivity, size, round, count, selection, target, success, timeTaken, 
2019-09-25,8:24:45 PM,22, 4,12,4,1,1,3, 1, 0, 3.748476
2019-09-25,8:24:49 PM,22, 4,12,4,1,2,1, 3, 0, 0.3139877
date, time, id , flexibility, sensitivity, size, round, count, selection, target, success, timeTaken, 
2019-09-25,8:25:26 PM,22, 4,12,12,1,1,4, 6, 0, 5.087111
date, time, id , flexibility, sensitivity, size, round, count, selection, target, success, timeTaken, 
2019-09-25,8:25:41 PM,22, 4,12,8,1,1,1, 1, 1, 1.672442
2019-09-25,8:26:03 PM,22, 4,12,8,1,2,5, 2, 0, 2.973047
date, time, id , flexibility, sensitivity, size, round, count, selection, target, success, timeTaken, 
2019-09-25,8:26:19 PM,22, 4,12,8,1,1,4, 2, 0, 3.71634
date, time, id , flexibility, sensitivity, size, round, count, selection, target, success, timeTaken, 
2019-09-25,8:26:36 PM,22, 4,12,12,1,1,7, 1, 0, 0.4408305
date, time, id , flexibility, sensitivity, size, round, count, selection, target, success, timeTaken, 
2019-09-25,8:26:52 PM,22, 4,12,8,1,1,5, 5, 1, 0.6276618
date, time, id , flexibility, sensitivity, size, round, count, selection, target, success, timeTaken, 
date, time, id , flexibility, sensitivity, size, round, count, selection, target, success, timeTaken, 
2019-09-25,8:27:15 PM,22, 4,12,8,1,1,6, 8, 0, 0.6363891
date, time, id , flexibility, sensitivity, size, round, count, selection, target, success, timeTaken, 
2019-09-25,8:27:29 PM,22, 4,12,8,1,1,5, 3, 0, 0.454003
2019-09-25,8:27:33 PM,22, 4,12,8,1,2,5, 5, 1, 0.6096907
date, time, id , flexibility, sensitivity, size, round, count, selection, target, success, timeTaken, 
2019-09-25,8:28:24 PM,22, 4,18,12,1,1,10, 4, 0, 0.6663548
date, time, id , flexibility, sensitivity, size, round, count, selection, target, success, timeTaken, 
date, time, id , flexibility, sensitivity, size, round, count, selection, target, success, timeTaken, 
date, time, id , flexibility, sensitivity, size, round, count, selection, target, success, timeTaken, 
2019-09-25,8:35:25 PM,22, 4,12,4,1,1,4, 4, 1, 0.6683401
2019-09-25,8:35:26 PM,22, 4,12,4,1,2,3, 3, 1, 0.6322654
2019-09-25,8:35:27 PM,22, 4,12,4,1,3,2, 2, 1, 0.6742725
2019-09-25,8:35:28 PM,22, 4,12,4,1,4,1, 1, 1, 0.6196597
2019-09-25,8:35:29 PM,22, 4,12,4,1,4,0, 0, AVERAGE, 0.6486344
2019-09-25,8:35:32 PM,22, 4,12,4,2,5,3, 3, 1, 0.7323745
2019-09-25,8:35:33 PM,22, 4,12,4,2,6,2, 2, 1, 0.7038695
2019-09-25,8:35:34 PM,22, 4,12,4,2,7,1, 1, 1, 0.6235927
2019-09-25,8:35:35 PM,22, 4,12,4,2,8,4, 4, 1, 0.6129108
2019-09-25,8:35:35 PM,22, 4,12,4,2,8,0, 0, AVERAGE, 0.6681869
date, time, id , flexibility, sensitivity, size, round, count, selection, target, success, timeTaken, 
2019-09-25,8:35:56 PM,22, 4,12,8,1,1,6, 1, 0, 0.3895599
2019-09-25,8:35:57 PM,22, 4,12,8,1,2,1, 2, 0, 0.5349578
2019-09-25,8:35:59 PM,22, 4,12,8,1,3,6, 6, 1, 1.151737
2019-09-25,8:36:01 PM,22, 4,12,8,1,4,5, 5, 1, 1.582013
2019-09-25,8:36:02 PM,22, 4,12,8,1,5,6, 3, 0, 0.3110451
2019-09-25,8:36:08 PM,22, 4,12,8,1,6,1, 7, 0, 0.1723034
2019-09-25,8:36:10 PM,22, 4,12,8,1,7,8, 8, 1, 0.3797393
2019-09-25,8:36:11 PM,22, 4,12,8,1,8,4, 4, 1, 0.7987717
2019-09-25,8:36:11 PM,22, 4,12,8,1,8,0, 0, AVERAGE, 0.6650159
date, time, id , flexibility, sensitivity, size, round, count, selection, target, success, timeTaken, 
2019-09-25,8:36:25 PM,22, 4,12,4,1,1,2, 2, 1, 0.7614071
2019-09-25,8:36:26 PM,22, 4,12,4,1,2,3, 3, 1, 0.5836877
2019-09-25,8:36:27 PM,22, 4,12,4,1,3,4, 4, 1, 0.6505854
2019-09-25,8:36:28 PM,22, 4,12,4,1,4,1, 1, 1, 0.5963493
2019-09-25,8:36:28 PM,22, 4,12,4,1,4,0, 0, AVERAGE, 0.6480074
2019-09-25,8:36:40 PM,22, 4,12,4,2,5,1, 1, 1, 0.8887637
2019-09-25,8:36:45 PM,22, 4,12,4,2,6,3, 3, 1, 1.114988
2019-09-25,8:36:48 PM,22, 4,12,4,2,7,2, 2, 1, 2.076293
2019-09-25,8:36:49 PM,22, 4,12,4,2,8,4, 4, 1, 0.578169
2019-09-25,8:36:49 PM,22, 4,12,4,2,8,0, 0, AVERAGE, 1.164553
2019-09-25,8:36:52 PM,22, 4,12,4,3,9,3, 4, 0, 0.4990268
2019-09-25,8:36:59 PM,22, 4,12,4,3,10,3, 3, 1, 0.6927733
2019-09-25,8:37:00 PM,22, 4,12,4,3,11,2, 2, 1, 0.6893284
2019-09-25,8:37:04 PM,22, 4,12,4,3,11,0, 0, AVERAGE, 0.4702821
2019-09-25,8:37:06 PM,22, 4,12,4,3,12,1, 1, 1, 0.8544546
2019-09-25,8:37:10 PM,22, 4,12,4,4,13,3, 3, 1, 0.6680427
2019-09-25,8:37:11 PM,22, 4,12,4,4,14,1, 1, 1, 0.5117182
2019-09-25,8:37:12 PM,22, 4,12,4,4,15,4, 4, 1, 0.5952216
2019-09-25,8:37:13 PM,22, 4,12,4,4,16,2, 2, 1, 0.63467
2019-09-25,8:37:13 PM,22, 4,12,4,4,16,0, 0, AVERAGE, 0.8160267
2019-09-25,8:37:15 PM,22, 4,12,4,5,17,2, 2, 1, 0.7250306
2019-09-25,8:37:16 PM,22, 4,12,4,5,18,1, 1, 1, 0.6025078
2019-09-25,8:37:17 PM,22, 4,12,4,5,19,4, 4, 1, 0.648623
2019-09-25,8:37:18 PM,22, 4,12,4,5,20,3, 3, 1, 0.5736409
2019-09-25,8:37:18 PM,22, 4,12,4,5,20,0, 0, AVERAGE, 0.6374506
2019-09-25,8:37:22 PM,22, 4,12,4,6,21,2, 2, 1, 0.8752269
2019-09-25,8:37:23 PM,22, 4,12,4,6,22,3, 3, 1, 0.6672187
2019-09-25,8:37:24 PM,22, 4,12,4,6,23,1, 1, 1, 0.4951926
2019-09-25,8:37:25 PM,22, 4,12,4,6,24,4, 4, 1, 0.549448
2019-09-25,8:37:25 PM,22, 4,12,4,6,24,0, 0, AVERAGE, 0.6467716
2019-09-25,8:37:32 PM,22, 4,12,12,7,25,9, 9, 1, 1.243917
2019-09-25,8:37:33 PM,22, 4,12,12,7,26,8, 8, 1, 0.6549179
2019-09-25,8:37:34 PM,22, 4,12,12,7,27,6, 6, 1, 0.9286114
2019-09-25,8:37:37 PM,22, 4,12,12,7,28,1, 1, 1, 1.938936
2019-09-25,8:37:38 PM,22, 4,12,12,7,29,10, 10, 1, 1.122081
2019-09-25,8:37:40 PM,22, 4,12,12,7,30,2, 2, 1, 0.820984
2019-09-25,8:37:41 PM,22, 4,12,12,7,31,11, 11, 1, 0.7861858
2019-09-25,8:37:43 PM,22, 4,12,12,7,32,7, 7, 1, 1.029661
2019-09-25,8:37:44 PM,22, 4,12,12,7,33,4, 4, 1, 0.826915
2019-09-25,8:37:45 PM,22, 4,12,12,7,34,5, 5, 1, 0.7609839
2019-09-25,8:37:46 PM,22, 4,12,12,7,35,3, 3, 1, 0.6681876
2019-09-25,8:37:49 PM,22, 4,12,12,7,36,12, 12, 1, 2.062528
2019-09-25,8:37:49 PM,22, 4,12,12,7,36,0, 0, AVERAGE, 1.070326
2019-09-25,8:37:53 PM,22, 4,12,12,8,37,1, 1, 1, 1.121446
2019-09-25,8:37:56 PM,22, 4,12,12,8,38,10, 11, 0, 2.532618
2019-09-25,8:37:58 PM,22, 4,12,12,8,39,9, 9, 1, 1.218212
2019-09-25,8:38:00 PM,22, 4,12,12,8,40,5, 5, 1, 0.9824842
2019-09-25,8:38:03 PM,22, 4,12,12,8,41,12, 12, 1, 1.926062
2019-09-25,8:38:04 PM,22, 4,12,12,8,42,3, 3, 1, 0.8046734
2019-09-25,8:38:07 PM,22, 4,12,12,8,43,6, 6, 1, 1.74639
2019-09-25,8:38:09 PM,22, 4,12,12,8,44,10, 10, 1, 1.942625
date, time, id , flexibility, sensitivity, size, round, count, selection, target, success, timeTaken, 
date, time, id , flexibility, sensitivity, size, round, count, selection, target, success, timeTaken, 
2019-09-25,10:51:35 PM,22, 4,12,12,1,1,4, 5, 0, 1.36971
2019-09-25,10:51:37 PM,22, 4,12,12,1,2,2, 1, 0, 1.407226
2019-09-25,10:51:39 PM,22, 4,12,12,1,3,11, 12, 0, 0.9064882
2019-09-25,10:51:41 PM,22, 4,12,12,1,4,4, 3, 0, 0.9209661
2019-09-25,10:51:42 PM,22, 4,12,12,1,5,2, 2, 1, 0.6987002
2019-09-25,10:51:44 PM,22, 4,12,12,1,6,7, 10, 0, 1.671184
date, time, id , flexibility, sensitivity, size, round, count, selection, target, success, timeTaken, 
date, time, id , flexibility, sensitivity, size, round, count, selection, target, success, timeTaken, 
date, time, id , flexibility, sensitivity, size, round, count, selection, target, success, timeTaken, 
date, time, id , flexibility, sensitivity, size, round, count, selection, target, success, timeTaken, 
2019-09-25,10:55:51 PM,22, 4,12,4,1,1,2, 2, 1, 0.8703932
2019-09-25,10:55:52 PM,22, 4,12,4,1,2,1, 1, 1, 0.5597954
2019-09-25,10:55:53 PM,22, 4,12,4,1,3,4, 4, 1, 0.5381402
2019-09-25,10:55:54 PM,22, 4,12,4,1,4,3, 3, 1, 0.6881049
2019-09-25,10:55:54 PM,22, 4,12,4,1,4,0, 0, AVERAGE, 0.6641085
2019-09-25,10:55:57 PM,22, 4,12,4,2,5,2, 2, 1, 0.6002381
2019-09-25,10:55:58 PM,22, 4,12,4,2,6,1, 1, 1, 0.5491893
2019-09-25,10:55:58 PM,22, 4,12,4,2,7,3, 3, 1, 0.513714
2019-09-25,10:55:59 PM,22, 4,12,4,2,8,4, 4, 1, 0.5853316
2019-09-25,10:55:59 PM,22, 4,12,4,2,8,0, 0, AVERAGE, 0.5621182
2019-09-25,10:56:01 PM,22, 4,12,4,3,9,1, 1, 1, 0.4888044
2019-09-25,10:56:02 PM,22, 4,12,4,3,10,2, 2, 1, 0.5703489
2019-09-25,10:56:03 PM,22, 4,12,4,3,11,4, 4, 1, 0.5093727
2019-09-25,10:56:04 PM,22, 4,12,4,3,12,3, 3, 1, 0.5831219
2019-09-25,10:56:04 PM,22, 4,12,4,3,12,0, 0, AVERAGE, 0.537912
2019-09-25,10:56:06 PM,22, 4,12,4,4,13,3, 3, 1, 0.6038795
2019-09-25,10:56:07 PM,22, 4,12,4,4,14,2, 2, 1, 0.5817482
2019-09-25,10:56:08 PM,22, 4,12,4,4,15,1, 1, 1, 0.50968
2019-09-25,10:56:09 PM,22, 4,12,4,4,16,4, 4, 1, 0.5583559
2019-09-25,10:56:09 PM,22, 4,12,4,4,16,0, 0, AVERAGE, 0.5634159
2019-09-25,10:56:11 PM,22, 4,12,4,5,17,2, 2, 1, 0.6707748
2019-09-25,10:56:12 PM,22, 4,12,4,5,18,1, 1, 1, 0.6367146
2019-09-25,10:56:13 PM,22, 4,12,4,5,19,4, 4, 1, 0.5963268
2019-09-25,10:56:13 PM,22, 4,12,4,5,20,3, 3, 1, 0.5806481
2019-09-25,10:56:14 PM,22, 4,12,4,5,20,0, 0, AVERAGE, 0.621116
date, time, id , flexibility, sensitivity, size, round, count, selection, target, success, timeTaken, 
2019-09-25,11:02:02 PM,22, 4,12,8,1,1,3, 3, 1, 0.6183872
2019-09-25,11:02:03 PM,22, 4,12,8,1,2,6, 6, 1, 0.5985329
2019-09-25,11:02:04 PM,22, 4,12,8,1,3,8, 8, 1, 0.6618193
2019-09-25,11:02:06 PM,22, 4,12,8,1,4,7, 7, 1, 0.671719
2019-09-25,11:02:07 PM,22, 4,12,8,1,5,2, 1, 0, 0.5618964
2019-09-25,11:02:09 PM,22, 4,12,8,1,6,2, 2, 1, 2.093196
2019-09-25,11:02:11 PM,22, 4,12,8,1,7,4, 4, 1, 0.7001831
2019-09-25,11:02:12 PM,22, 4,12,8,1,8,6, 5, 0, 0.6569889
2019-09-25,11:02:12 PM,22, 4,12,8,1,8,0, 0, AVERAGE, 0.8203403
2019-09-25,11:02:15 PM,22, 4,12,8,2,9,2, 2, 1, 0.7890439
date, time, id , flexibility, sensitivity, size, round, count, selection, target, success, timeTaken, 
2019-09-25,11:03:24 PM,22, 4,12,4,1,1,2, 2, 1, 0.781145
2019-09-25,11:03:25 PM,22, 4,12,4,1,2,4, 4, 1, 0.4798293
2019-09-25,11:03:27 PM,22, 4,12,4,1,3,1, 1, 1, 0.4953557
2019-09-25,11:03:28 PM,22, 4,12,4,1,4,3, 3, 1, 0.6143422
2019-09-25,11:03:28 PM,22, 4,12,4,1,4,0, 0, AVERAGE, 0.5926681
date, time, id , flexibility, sensitivity, size, round, count, selection, target, success, timeTaken, 
2019-09-25,11:04:28 PM,22, 4,12,8,1,1,6, 1, 0, 0.42938
date, time, id , flexibility, sensitivity, size, round, count, selection, target, success, timeTaken, 
2019-09-25,11:05:14 PM,22, 4,12,8,1,1,1, 1, 1, 1.504575
date, time, id , flexibility, sensitivity, size, round, count, selection, target, success, timeTaken, 
2019-09-25,11:06:19 PM,22, 4,12,12,1,1,10, 1, 0, 0.3298699
2019-09-25,11:06:20 PM,22, 4,12,12,1,2,1, 5, 0, 0.3059084
2019-09-25,11:06:24 PM,22, 4,12,12,1,3,8, 8, 1, 0.7884607
2019-09-25,11:06:25 PM,22, 4,12,12,1,4,2, 2, 1, 0.6628081
2019-09-25,11:06:33 PM,22, 4,12,12,1,5,9, 7, 0, 0.4757319
date, time, id , flexibility, sensitivity, size, round, count, selection, target, success, timeTaken, 
2019-09-25,11:06:56 PM,22, 4,12,12,1,1,10, 10, 1, 0.7384282
2019-09-25,11:06:59 PM,22, 4,12,12,1,2,1, 1, 1, 1.443807
date, time, id , flexibility, sensitivity, size, round, count, selection, target, success, timeTaken, 
2019-09-25,11:07:52 PM,22, 4,12,8,1,1,2, 2, 1, 1.78026
date, time, id , flexibility, sensitivity, size, round, count, selection, target, success, timeTaken, 
2019-09-25,11:08:08 PM,22, 4,12,8,1,1,4, 4, 1, 3.752255
date, time, id , flexibility, sensitivity, size, round, count, selection, target, success, timeTaken, 
2019-09-25,11:08:32 PM,22, 4,12,8,1,1,6, 5, 0, 0.6801612
2019-09-25,11:08:33 PM,22, 4,12,8,1,2,2, 8, 0, 0.2633546
2019-09-25,11:08:36 PM,22, 4,12,8,1,3,6, 6, 1, 1.96847
date, time, id , flexibility, sensitivity, size, round, count, selection, target, success, timeTaken, 
2019-09-25,11:08:47 PM,22, 4,12,12,1,1,10, 8, 0, 0.753801
date, time, id , flexibility, sensitivity, size, round, count, selection, target, success, timeTaken, 
2019-09-25,11:09:07 PM,22, 4,12,4,1,1,3, 3, 1, 2.416182
2019-09-25,11:09:09 PM,22, 4,12,4,1,2,1, 1, 1, 0.9994737
2019-09-25,11:09:11 PM,22, 4,12,4,1,3,1, 2, 0, 0.2251875
date, time, id , flexibility, sensitivity, size, round, count, selection, target, success, timeTaken, 
2019-09-25,11:09:29 PM,22, 4,12,12,1,1,3, 9, 0, 0.5837644
2019-09-25,11:09:39 PM,22, 4,12,12,1,2,4, 6, 0, 1.926003
date, time, id , flexibility, sensitivity, size, round, count, selection, target, success, timeTaken, 
2019-09-25,11:10:06 PM,22, 4,12,8,1,1,2, 3, 0, 0.5610651
date, time, id , flexibility, sensitivity, size, round, count, selection, target, success, timeTaken, 
2019-09-25,11:10:30 PM,22, 4,12,4,1,1,4, 4, 1, 1.41414
date, time, id , flexibility, sensitivity, size, round, count, selection, target, success, timeTaken, 
2019-09-25,11:11:05 PM,22, 4,12,4,1,1,1, 1, 1, 0.722261
2019-09-25,11:11:07 PM,22, 4,12,4,1,2,3, 3, 1, 0.8595678
2019-09-25,11:11:09 PM,22, 4,12,4,1,3,2, 2, 1, 0.7454488
2019-09-25,11:11:10 PM,22, 4,12,4,1,4,4, 4, 1, 0.5410307
2019-09-25,11:11:10 PM,22, 4,12,4,1,4,0, 0, AVERAGE, 0.717077
2019-09-25,11:11:12 PM,22, 4,12,4,2,5,2, 2, 1, 0.6414441
date, time, id , flexibility, sensitivity, size, round, count, selection, target, success, timeTaken, 
2019-09-25,11:12:44 PM,22, 4,12,4,1,1,1, 1, 1, 0.6989941
2019-09-25,11:12:45 PM,22, 4,12,4,1,2,4, 4, 1, 0.6125426
2019-09-25,11:12:46 PM,22, 4,12,4,1,3,3, 3, 1, 0.6601477
2019-09-25,11:12:47 PM,22, 4,12,4,1,4,2, 2, 1, 0.7480994
2019-09-25,11:12:47 PM,22, 4,12,4,1,4,0, 0, AVERAGE, 0.6799459
2019-09-25,11:12:49 PM,22, 4,12,4,2,5,3, 3, 1, 0.6068702
2019-09-25,11:12:50 PM,22, 4,12,4,2,6,4, 4, 1, 0.5755604
2019-09-25,11:12:51 PM,22, 4,12,4,2,7,2, 2, 1, 0.6721655
2019-09-25,11:12:52 PM,22, 4,12,4,2,8,1, 1, 1, 0.5604935
2019-09-25,11:12:52 PM,22, 4,12,4,2,8,0, 0, AVERAGE, 0.6037724
2019-09-25,11:12:55 PM,22, 4,12,4,3,9,4, 4, 1, 0.5934409
2019-09-25,11:12:56 PM,22, 4,12,4,3,10,1, 1, 1, 0.6485802
2019-09-25,11:12:56 PM,22, 4,12,4,3,11,3, 3, 1, 0.4606214
2019-09-25,11:12:57 PM,22, 4,12,4,3,12,2, 2, 1, 0.5303814
2019-09-25,11:12:57 PM,22, 4,12,4,3,12,0, 0, AVERAGE, 0.558256
2019-09-25,11:12:59 PM,22, 4,12,4,4,13,1, 1, 1, 0.772894
2019-09-25,11:13:00 PM,22, 4,12,4,4,14,4, 4, 1, 0.6177266
2019-09-25,11:13:01 PM,22, 4,12,4,4,15,2, 2, 1, 0.6084523
2019-09-25,11:13:02 PM,22, 4,12,4,4,16,3, 3, 1, 0.4964518
2019-09-25,11:13:02 PM,22, 4,12,4,4,16,0, 0, AVERAGE, 0.6238812
2019-09-25,11:13:03 PM,22, 4,12,4,5,17,4, 4, 1, 0.5515215
2019-09-25,11:13:04 PM,22, 4,12,4,5,18,1, 1, 1, 0.5356095
2019-09-25,11:13:05 PM,22, 4,12,4,5,19,3, 3, 1, 0.5155516
2019-09-25,11:13:06 PM,22, 4,12,4,5,20,2, 2, 1, 0.5043297
2019-09-25,11:13:06 PM,22, 4,12,4,5,20,0, 0, AVERAGE, 0.5267531
2019-09-25,11:13:07 PM,22, 4,12,4,6,21,4, 4, 1, 0.6163818
2019-09-25,11:13:08 PM,22, 4,12,4,6,22,2, 2, 1, 0.5066625
2019-09-25,11:13:09 PM,22, 4,12,4,6,23,1, 1, 1, 0.477161
2019-09-25,11:13:10 PM,22, 4,12,4,6,24,3, 3, 1, 0.4291154
2019-09-25,11:13:10 PM,22, 4,12,4,6,24,0, 0, AVERAGE, 0.5073302
2019-09-25,11:13:12 PM,22, 4,12,12,7,25,7, 7, 1, 0.8107721
2019-09-25,11:13:14 PM,22, 4,12,12,7,26,11, 11, 1, 1.599802
2019-09-25,11:13:15 PM,22, 4,12,12,7,27,5, 5, 1, 0.8452375
2019-09-25,11:13:17 PM,22, 4,12,12,7,28,4, 4, 1, 1.011414
2019-09-25,11:13:18 PM,22, 4,12,12,7,29,2, 1, 0, 1.188488
2019-09-25,11:13:19 PM,22, 4,12,12,7,30,5, 6, 0, 0.6898275
2019-09-25,11:13:21 PM,22, 4,12,12,7,31,12, 12, 1, 1.204891
2019-09-25,11:13:22 PM,22, 4,12,12,7,32,3, 3, 1, 0.894166
2019-09-25,11:13:24 PM,22, 4,12,12,7,33,8, 8, 1, 0.9882358
2019-09-25,11:13:25 PM,22, 4,12,12,7,34,2, 2, 1, 0.6157941
2019-09-25,11:13:26 PM,22, 4,12,12,7,35,10, 10, 1, 0.6700912
2019-09-25,11:13:27 PM,22, 4,12,12,7,35,0, 0, AVERAGE, 0.8765599
2019-09-25,11:13:28 PM,22, 4,12,12,7,36,9, 9, 1, 0.7514638
2019-09-25,11:13:31 PM,22, 4,12,12,8,37,10, 10, 1, 0.6346641
date, time, id , flexibility, sensitivity, size, round, count, selection, target, success, timeTaken, 
2019-09-25,11:15:13 PM,22, 4,12,8,1,1,1, 1, 1, 0.9489643
2019-09-25,11:15:14 PM,22, 4,12,8,1,2,6, 6, 1, 0.6140242
2019-09-25,11:15:15 PM,22, 4,12,8,1,3,5, 5, 1, 0.6637557
2019-09-25,11:15:16 PM,22, 4,12,8,1,4,2, 2, 1, 0.6055057
2019-09-25,11:15:17 PM,22, 4,12,8,1,5,8, 7, 0, 0.5631684
2019-09-25,11:15:18 PM,22, 4,12,8,1,6,3, 3, 1, 0.5891443
2019-09-25,11:15:19 PM,22, 4,12,8,1,7,8, 8, 1, 0.6645883
2019-09-25,11:15:20 PM,22, 4,12,8,1,8,4, 4, 1, 0.6433163
2019-09-25,11:15:20 PM,22, 4,12,8,1,8,0, 0, AVERAGE, 0.6615584
2019-09-25,11:15:24 PM,22, 4,12,8,2,9,5, 5, 1, 0.5868647
2019-09-25,11:15:25 PM,22, 4,12,8,2,10,2, 7, 0, 0.3622857
2019-09-25,11:15:26 PM,22, 4,12,8,2,11,7, 1, 0, 0.364449
2019-09-25,11:15:26 PM,22, 4,12,8,2,12,2, 4, 0, 0.459141
2019-09-25,11:15:27 PM,22, 4,12,8,2,13,4, 8, 0, 0.3611417
2019-09-25,11:15:28 PM,22, 4,12,8,2,14,8, 2, 0, 0.3949808
2019-09-25,11:15:29 PM,22, 4,12,8,2,15,6, 6, 1, 0.5820128
2019-09-25,11:15:30 PM,22, 4,12,8,2,16,3, 3, 1, 0.5219703
2019-09-25,11:15:30 PM,22, 4,12,8,2,16,0, 0, AVERAGE, 0.4541057
date, time, id , flexibility, sensitivity, size, round, count, selection, target, success, timeTaken, 
date, time, id , flexibility, sensitivity, size, round, count, selection, target, success, timeTaken, 
2019-09-25,11:18:31 PM,22, 4,12,8,1,1,3, 3, 1, 0.833703
2019-09-25,11:18:32 PM,22, 4,12,8,1,2,2, 2, 1, 0.6525983
2019-09-25,11:18:34 PM,22, 4,12,8,1,3,4, 4, 1, 0.7227938
2019-09-25,11:18:35 PM,22, 4,12,8,1,4,8, 8, 1, 0.6947685
2019-09-25,11:18:36 PM,22, 4,12,8,1,5,2, 1, 0, 0.6530727
2019-09-25,11:18:37 PM,22, 4,12,8,1,6,5, 5, 1, 0.6171078
2019-09-25,11:18:38 PM,22, 4,12,8,1,7,7, 7, 1, 0.5711941
2019-09-25,11:18:39 PM,22, 4,12,8,1,8,6, 6, 1, 0.5953037
date, time, id , flexibility, sensitivity, size, round, count, selection, target, success, timeTaken, 
2019-09-25,11:22:23 PM,22, 4,12,8,1,1,6, 5, 0, 0.6008842
2019-09-25,11:22:25 PM,22, 4,12,8,1,2,1, 1, 1, 0.9520354
2019-09-25,11:22:26 PM,22, 4,12,8,1,3,8, 8, 1, 0.5719972
2019-09-25,11:22:27 PM,22, 4,12,8,1,4,6, 6, 1, 0.7525363
2019-09-25,11:22:28 PM,22, 4,12,8,1,5,2, 2, 1, 0.6317937
2019-09-25,11:22:30 PM,22, 4,12,8,1,6,7, 7, 1, 0.7761772
2019-09-25,11:22:31 PM,22, 4,12,8,1,7,3, 4, 0, 0.8410519
2019-09-25,11:22:32 PM,22, 4,12,8,1,8,3, 3, 1, 0.6309708
2019-09-25,11:22:35 PM,22, 4,12,8,2,9,4, 4, 1, 0.6682879
2019-09-25,11:22:36 PM,22, 4,12,8,2,10,3, 3, 1, 1.054696
2019-09-25,11:22:37 PM,22, 4,12,8,2,11,8, 8, 1, 0.6926055
2019-09-25,11:22:39 PM,22, 4,12,8,2,12,6, 6, 1, 0.7476008
2019-09-25,11:22:39 PM,22, 4,12,8,2,13,7, 7, 1, 0.6170065
2019-09-25,11:22:40 PM,22, 4,12,8,2,14,5, 5, 1, 0.6300559
2019-09-25,11:22:41 PM,22, 4,12,8,2,15,2, 2, 1, 0.559956
2019-09-25,11:22:42 PM,22, 4,12,8,2,16,1, 1, 1, 0.6198841
date, time, id , flexibility, sensitivity, size, round, count, selection, target, success, timeTaken, 
2019-09-25,11:28:11 PM,22, 4,12,8,1,1,3, 3, 1, 0.7366045
2019-09-25,11:28:12 PM,22, 4,12,8,1,2,2, 2, 1, 0.7262318
2019-09-25,11:28:13 PM,22, 4,12,8,1,3,8, 8, 1, 0.7184219
2019-09-25,11:28:14 PM,22, 4,12,8,1,4,7, 7, 1, 0.9253818
2019-09-25,11:28:16 PM,22, 4,12,8,1,5,4, 4, 1, 0.6623434
2019-09-25,11:28:17 PM,22, 4,12,8,1,6,6, 6, 1, 0.9998735
2019-09-25,11:28:18 PM,22, 4,12,8,1,7,1, 1, 1, 0.6706982
2019-09-25,11:28:19 PM,22, 4,12,8,1,8,5, 5, 1, 0.7240893
2019-09-25,11:28:27 PM,22, 4,12,8,2,9,1, 1, 1, 0.6347968
2019-09-25,11:28:28 PM,22, 4,12,8,2,10,8, 8, 1, 0.5691121
2019-09-25,11:28:29 PM,22, 4,12,8,2,11,3, 3, 1, 0.7078529
2019-09-25,11:28:30 PM,22, 4,12,8,2,12,6, 6, 1, 0.5859647
2019-09-25,11:28:31 PM,22, 4,12,8,2,13,7, 7, 1, 0.580711
2019-09-25,11:28:32 PM,22, 4,12,8,2,14,4, 4, 1, 0.6411011
2019-09-25,11:28:33 PM,22, 4,12,8,2,15,5, 5, 1, 0.6611855
2019-09-25,11:28:34 PM,22, 4,12,8,2,16,2, 2, 1, 0.7156605
2019-09-25,11:28:37 PM,22, 4,12,8,3,17,1, 1, 1, 0.718978
2019-09-25,11:28:38 PM,22, 4,12,8,3,18,5, 5, 1, 0.6956744
2019-09-25,11:28:39 PM,22, 4,12,8,3,19,2, 2, 1, 0.5602143
2019-09-25,11:28:39 PM,22, 4,12,8,3,20,8, 8, 1, 0.5425913
2019-09-25,11:28:40 PM,22, 4,12,8,3,21,7, 7, 1, 0.5512189
2019-09-25,11:28:41 PM,22, 4,12,8,3,22,6, 6, 1, 0.5525209
2019-09-25,11:28:42 PM,22, 4,12,8,3,23,4, 4, 1, 0.683286
2019-09-25,11:28:43 PM,22, 4,12,8,3,24,3, 3, 1, 0.7032004
2019-09-25,11:28:46 PM,22, 4,12,8,4,25,3, 3, 1, 0.7125687
2019-09-25,11:28:47 PM,22, 4,12,8,4,26,2, 2, 1, 0.5736263
2019-09-25,11:28:48 PM,22, 4,12,8,4,27,5, 5, 1, 0.6318049
2019-09-25,11:28:48 PM,22, 4,12,8,4,28,8, 8, 1, 0.5889264
2019-09-25,11:28:49 PM,22, 4,12,8,4,29,1, 1, 1, 0.5649907
2019-09-25,11:28:50 PM,22, 4,12,8,4,30,4, 4, 1, 0.7027324
2019-09-25,11:28:51 PM,22, 4,12,8,4,31,7, 7, 1, 0.7794853
2019-09-25,11:28:52 PM,22, 4,12,8,4,32,6, 6, 1, 0.637337
date, time, id , flexibility, sensitivity, size, round, count, selection, target, success, timeTaken, 
2019-09-25,11:30:59 PM,22, 4,12,4,1,1,1, 1, 1, 0.7418807
2019-09-25,11:31:01 PM,22, 4,12,4,1,2,2, 2, 1, 0.735172
2019-09-25,11:31:02 PM,22, 4,12,4,1,3,4, 4, 1, 0.5505019
2019-09-25,11:31:02 PM,22, 4,12,4,1,4,3, 3, 1, 0.5755504
2019-09-25,11:31:06 PM,22, 4,12,4,2,5,1, 1, 1, 0.6397544
2019-09-25,11:31:07 PM,22, 4,12,4,2,6,4, 4, 1, 0.6714732
2019-09-25,11:31:07 PM,22, 4,12,4,2,7,3, 3, 1, 0.6490671
2019-09-25,11:31:08 PM,22, 4,12,4,2,8,2, 2, 1, 0.6078311
2019-09-25,11:31:10 PM,22, 4,12,4,3,9,2, 2, 1, 0.6069239
2019-09-25,11:31:11 PM,22, 4,12,4,3,10,4, 4, 1, 0.5263652
2019-09-25,11:31:12 PM,22, 4,12,4,3,11,3, 3, 1, 0.5478075
2019-09-25,11:31:13 PM,22, 4,12,4,3,12,1, 1, 1, 0.552017
2019-09-25,11:31:15 PM,22, 4,12,4,4,13,2, 2, 1, 0.6530293
2019-09-25,11:31:16 PM,22, 4,12,4,4,14,3, 3, 1, 0.6304389
2019-09-25,11:31:16 PM,22, 4,12,4,4,15,4, 4, 1, 0.5512001
2019-09-25,11:31:17 PM,22, 4,12,4,4,16,1, 1, 1, 0.486718
2019-09-25,11:31:19 PM,22, 4,12,4,5,17,3, 3, 1, 0.5470123
2019-09-25,11:31:20 PM,22, 4,12,4,5,18,1, 1, 1, 0.5096903
2019-09-25,11:31:21 PM,22, 4,12,4,5,19,2, 2, 1, 0.6431322
2019-09-25,11:31:21 PM,22, 4,12,4,5,20,4, 4, 1, 0.4428731
2019-09-25,11:31:23 PM,22, 4,12,4,6,21,4, 4, 1, 0.530423
2019-09-25,11:31:24 PM,22, 4,12,4,6,22,3, 3, 1, 0.5530308
2019-09-25,11:31:25 PM,22, 4,12,4,6,23,2, 2, 1, 0.6477853
2019-09-25,11:31:25 PM,22, 4,12,4,6,24,1, 1, 1, 0.5376168
2019-09-25,11:31:27 PM,22, 4,12,8,7,25,5, 5, 1, 0.6547619
2019-09-25,11:31:29 PM,22, 4,12,8,7,26,4, 4, 1, 0.7712097
2019-09-25,11:31:30 PM,22, 4,12,8,7,27,2, 2, 1, 0.5489748
2019-09-25,11:31:31 PM,22, 4,12,8,7,28,7, 7, 1, 0.5376067
2019-09-25,11:31:32 PM,22, 4,12,8,7,29,3, 3, 1, 0.5070163
2019-09-25,11:31:32 PM,22, 4,12,8,7,30,1, 1, 1, 0.5889748
2019-09-25,11:31:33 PM,22, 4,12,8,7,31,6, 6, 1, 0.6195866
2019-09-25,11:31:35 PM,22, 4,12,8,7,32,8, 8, 1, 1.095774
2019-09-25,11:31:37 PM,22, 4,12,8,8,33,2, 2, 1, 0.6669998
2019-09-25,11:31:38 PM,22, 4,12,8,8,34,1, 1, 1, 0.50431
2019-09-25,11:31:39 PM,22, 4,12,8,8,35,3, 3, 1, 0.5762366
2019-09-25,11:31:40 PM,22, 4,12,8,8,36,4, 4, 1, 0.6193328
2019-09-25,11:31:41 PM,22, 4,12,8,8,37,6, 6, 1, 0.5951139
2019-09-25,11:31:42 PM,22, 4,12,8,8,38,5, 5, 1, 0.6393136
2019-09-25,11:31:43 PM,22, 4,12,8,8,39,8, 8, 1, 0.6535503
2019-09-25,11:31:44 PM,22, 4,12,8,8,40,7, 7, 1, 0.5687968
date, time, id , flexibility, sensitivity, size, round, count, selection, target, success, timeTaken, 
2019-09-25,11:34:31 PM,22, 4,12,8,1,1,5, 5, 1, 0.6751611
2019-09-25,11:34:32 PM,22, 4,12,8,1,2,8, 8, 1, 1.065763
2019-09-25,11:34:34 PM,22, 4,12,8,1,3,6, 6, 1, 0.6426595
2019-09-25,11:34:35 PM,22, 4,12,8,1,4,2, 2, 1, 0.6470538
2019-09-25,11:34:36 PM,22, 4,12,8,1,5,1, 1, 1, 0.7031189
2019-09-25,11:34:36 PM,22, 4,12,8,1,6,7, 7, 1, 0.6007522
2019-09-25,11:34:37 PM,22, 4,12,8,1,7,3, 3, 1, 0.596973
2019-09-25,11:34:39 PM,22, 4,12,8,1,8,4, 4, 1, 0.6442196
2019-09-25,11:34:43 PM,22, 4,12,8,2,9,1, 1, 1, 0.6066102
2019-09-25,11:34:43 PM,22, 4,12,8,2,10,2, 2, 1, 0.5767902
2019-09-25,11:34:45 PM,22, 4,12,8,2,11,8, 8, 1, 0.8386264
2019-09-25,11:34:46 PM,22, 4,12,8,2,12,4, 4, 1, 0.6482434
2019-09-25,11:34:47 PM,22, 4,12,8,2,13,7, 7, 1, 0.5885202
2019-09-25,11:34:48 PM,22, 4,12,8,2,14,5, 5, 1, 0.7205911
2019-09-25,11:34:49 PM,22, 4,12,8,2,15,3, 3, 1, 0.7861302
2019-09-25,11:34:50 PM,22, 4,12,8,2,16,6, 6, 1, 0.776801
date, time, id , flexibility, sensitivity, size, round, count, selection, target, success, timeTaken, 
2019-09-25,11:36:18 PM,22, 4,12,4,1,1,3, 3, 1, 0.7979829
2019-09-25,11:36:19 PM,22, 4,12,4,1,2,2, 2, 1, 0.7112701
2019-09-25,11:36:20 PM,22, 4,12,4,1,3,1, 1, 1, 0.5354916
2019-09-25,11:36:21 PM,22, 4,12,4,1,4,4, 4, 1, 0.4819413
2019-09-25,11:36:23 PM,22, 4,12,4,2,5,2, 2, 1, 0.5752752
2019-09-25,11:36:24 PM,22, 4,12,4,2,6,3, 3, 1, 0.5909744
2019-09-25,11:36:25 PM,22, 4,12,4,2,7,4, 4, 1, 0.4992258
2019-09-25,11:36:25 PM,22, 4,12,4,2,8,1, 1, 1, 0.5518974
date, time, id , flexibility, sensitivity, size, round, count, selection, target, success, timeTaken, 
2019-09-25,11:36:54 PM,22, 4,12,12,1,1,2, 1, 0, 0.8486065
2019-09-25,11:36:56 PM,22, 4,12,12,1,2,7, 7, 1, 1.230181
2019-09-25,11:36:58 PM,22, 4,12,12,1,3,12, 12, 1, 1.074592
date, time, id , flexibility, sensitivity, size, round, count, selection, target, success, timeTaken, 
2019-09-25,11:37:52 PM,22, 4,12,12,1,1,2, 2, 1, 0.9290758
2019-09-25,11:37:54 PM,22, 4,12,12,1,2,5, 6, 0, 1.051762
2019-09-25,11:37:59 PM,22, 4,12,12,1,3,2, 11, 0, 1.303226
2019-09-25,11:38:01 PM,22, 4,12,12,1,4,11, 12, 0, 0.6060627
2019-09-25,11:38:02 PM,22, 4,12,12,1,5,3, 3, 1, 0.7167784
2019-09-25,11:38:04 PM,22, 4,12,12,1,6,8, 8, 1, 0.8983158
2019-09-25,11:38:06 PM,22, 4,12,12,1,7,10, 10, 1, 1.512736
2019-09-25,11:38:07 PM,22, 4,12,12,1,8,4, 4, 1, 0.9273203
2019-09-25,11:38:09 PM,22, 4,12,12,1,9,12, 1, 0, 1.355293
2019-09-25,11:38:12 PM,22, 4,12,12,1,10,7, 7, 1, 1.607528
date, time, id , flexibility, sensitivity, size, round, count, selection, target, success, timeTaken, 
2019-09-25,11:38:52 PM,22, 4,12,8,1,1,3, 3, 1, 0.7395994
2019-09-25,11:38:54 PM,22, 4,12,8,1,2,4, 4, 1, 0.6960736
2019-09-25,11:38:55 PM,22, 4,12,8,1,3,8, 8, 1, 0.9516994
2019-09-25,11:38:57 PM,22, 4,12,8,1,4,5, 5, 1, 0.941554
2019-09-25,11:38:58 PM,22, 4,12,8,1,5,1, 1, 1, 0.7835979
2019-09-25,11:38:59 PM,22, 4,12,8,1,6,7, 7, 1, 0.7313345
2019-09-25,11:39:00 PM,22, 4,12,8,1,7,6, 6, 1, 0.7128968
2019-09-25,11:39:01 PM,22, 4,12,8,1,8,2, 2, 1, 0.6831831
